TV,Billboards,Google_Ads,Social_Media,Influencer_Marketing,Affiliate_Marketing,Product_Sold,Total Spend,CPS,TV_Spend,Billboards_Spend,Google_Ads_Spend,Social_Media_Spend,Influencer_Marketing_Spend,Affiliate_Marketing_Spend
281.42,538.8,123.94,349.3,242.77,910.1,7164.0,9610.33,16774.33,0.029283073526091198,0.05606467207681734,0.012896539452859578,0.03634630652641481,0.025261359391404874,0.09470018199166938
702.97,296.53,558.13,180.55,781.06,132.43,5055.0,7706.67,12761.67,0.0912157909966302,0.03847705948224071,0.07242168147851147,0.023427758032976632,0.10134857208106743,0.017183816096965357
313.14,295.94,642.96,505.71,438.91,464.23,6154.0,8814.89,14968.89,0.03552398271560961,0.03357273885437028,0.07294021819897924,0.05736997285275256,0.04979188622886957,0.052664298703670724
898.52,61.27,548.73,240.93,278.96,432.27,5480.0,7940.68,13420.68,0.11315403718573219,0.0077159638721117085,0.06910365359138008,0.030341230222096848,0.03513049260264864,0.05443740334580917
766.52,550.72,651.91,666.33,396.33,841.93,9669.0,13542.74,23211.739999999998,0.056600067637715856,0.04066533064948452,0.04813723072288178,0.04920200786546888,0.02926512655489214,0.062168364747458786
507.13,612.27,230.67,142.96,171.79,965.77,7627.0,10257.59,17884.59,0.049439488222867166,0.05968945921995322,0.02248773834789653,0.013936996896931932,0.016747598607470174,0.09415174519550888
486.64,555.02,203.26,271.62,70.04,366.25,5177.0,7129.83,12306.83,0.06825408179437659,0.07784477329754005,0.02850839360826275,0.038096279995455715,0.009823516128715553,0.051368686209909635
762.09,184.57,176.61,97.85,116.67,251.74,3726.0,5315.53,9041.529999999999,0.1433704635285663,0.03472278399331769,0.03322528515500806,0.01840832428751225,0.021948893148942817,0.04735934140151594
638.6,778.31,796.32,759.04,857.13,515.16,9801.0,14145.560000000001,23946.56,0.045144907660071426,0.05502150498106825,0.05629469600355164,0.053659240072503306,0.06059357141039308,0.036418494566492945
591.48,542.51,400.23,329.15,577.38,931.65,8652.0,12024.4,20676.4,0.04918998037324108,0.045117427896610225,0.03328482086424271,0.027373507202022553,0.04801736469179335,0.07747995741991284
667.17,577.85,898.19,970.28,789.52,852.99,11210.0,15966.0,27176.0,0.0417869222096956,0.03619253413503695,0.05625641989227108,0.060771639734435674,0.04945008142302392,0.05342540398346486
787.33,947.73,884.15,992.3,871.55,742.36,12227.0,17452.42,29679.42,0.04511294135712985,0.05430364384996465,0.050660596066333496,0.056857444411720554,0.04993863315230782,0.042536221337785826
537.75,865.19,768.61,626.87,702.96,211.92,8093.0,11806.3,19899.3,0.04554771604990556,0.07328206127237154,0.06510168299975437,0.053096228284898746,0.059541092467580874,0.017949738698830285
735.78,661.81,282.0,102.96,588.45,585.74,7181.0,10137.74,17318.739999999998,0.07257830640754251,0.06528180837149108,0.02781685069847915,0.010156109744380897,0.05804548153730516,0.057778163574919064
631.14,207.04,939.62,358.88,515.59,778.49,7910.0,11340.76,19250.760000000002,0.05565235486863314,0.018256272066422354,0.0828533537434881,0.03164514547525915,0.0454634433671112,0.06864531124898154
334.12,515.21,565.22,153.75,685.88,271.07,5337.0,7862.25,13199.25,0.04249674075487297,0.06552958758625076,0.07189036217367802,0.019555470762186396,0.08723711405768068,0.03447740786670482
194.33,558.81,571.82,531.53,485.4,155.53,5468.0,7965.42,13433.42,0.02439670475630915,0.07015449279510684,0.07178780277750578,0.06672968908105285,0.06093840626106344,0.019525649620484545
955.97,890.21,343.96,609.33,62.99,307.14,7937.0,11106.599999999999,19043.6,0.08607224533160465,0.08015144148524302,0.0309689734032017,0.05486197396142835,0.005671402589451318,0.027653827453946303
974.14,188.8,606.22,74.83,820.43,408.68,6228.0,9301.1,15529.1,0.10473384868456419,0.020298674350345658,0.06517723710098805,0.008045284966294308,0.08820784638376106,0.04393888894861898
93.47,889.82,702.23,31.38,178.92,710.91,7026.0,9632.73,16658.73,0.009703375886171418,0.0923746435330379,0.07290041348610415,0.0032576434717883716,0.01857417367662127,0.07380150798371801
853.65,958.04,810.77,347.92,120.96,38.61,6966.0,10095.95,17061.95,0.08455370717961162,0.09489349689727068,0.08030645952089699,0.03446134340998123,0.011981041902941277,0.003824305785983488
79.78,798.01,881.29,252.3,680.24,399.95,6929.0,10020.57,16949.57,0.00796162294160911,0.07963718630776492,0.08794809077727116,0.025178208425269223,0.06788436186763827,0.03991289916641468
596.8,121.5,364.02,145.03,106.09,559.05,4830.0,6722.49,11552.49,0.08877662889792323,0.01807366020626286,0.05414957850439346,0.02157385135567327,0.015781354825369766,0.08316115010955762
297.32,168.27,38.43,968.13,238.44,636.42,6425.0,8772.01,15197.01,0.0338941702072843,0.01918260467099331,0.004380979957843185,0.11036581125648512,0.027181911557328364,0.0725512168818777
189.51,659.44,775.37,895.59,760.58,581.76,9001.0,12863.25,21864.25,0.014732668649058363,0.051265426700095235,0.06027792354187317,0.06962392863389891,0.059128136357452434,0.04522651740423299
732.71,585.45,540.89,695.95,227.02,633.09,8564.0,11979.11,20543.11,0.061165645861837814,0.04887257901463465,0.0451527701139734,0.05809697047610382,0.018951324430612957,0.052849502175036374
214.34,283.19,654.88,855.9,0.77,145.27,5008.0,7162.35,12170.35,0.029925932131213917,0.039538698890727204,0.09143367749411854,0.11949988481434165,0.00010750661444916822,0.020282449196143724
98.83,575.33,19.94,800.94,673.3,385.92,6306.0,8860.26,15166.26,0.011154300212409117,0.06493376040883676,0.0022504982923751676,0.09039689580215479,0.0759909980068305,0.04355628390137536
179.73,692.17,973.09,580.06,271.49,129.04,6198.0,9023.58,15221.58,0.019917815323851507,0.07670680594619873,0.1078385740471077,0.0642826904621004,0.03008672832733793,0.014300310963054574
830.84,240.22,303.98,793.12,739.97,430.35,7423.0,10761.48,18184.48,0.07720499410861703,0.022322208469467027,0.028247044086872813,0.07369990001375276,0.06876098826555456,0.03998985269684096
439.57,566.54,184.38,526.25,120.21,269.41,5399.0,7505.36,12904.36,0.058567477109692276,0.075484720253259,0.024566443181939308,0.07011655670081116,0.016016553503096453,0.03589567988744045
911.58,319.0,290.08,316.48,452.77,274.45,5654.0,8218.36,13872.36,0.11091994023138436,0.03881553010576319,0.03529657985291469,0.03850889958580544,0.05509250020685392,0.03339474055651005
862.97,656.05,337.34,834.98,827.64,308.37,8512.0,12339.35,20851.35,0.06993642290720338,0.05316730621953344,0.02733855511027728,0.067668070036104,0.0670732250888418,0.024990781524148353
707.06,642.66,274.79,213.33,984.21,481.27,7383.0,10686.32,18069.32,0.06616496605005277,0.060138569685354734,0.025714184115766703,0.019962905845978787,0.09209999326241401,0.045036083516121546
721.5,561.22,528.76,887.1,3.28,450.98,7949.0,11101.84,19050.84,0.06498922701101799,0.05055198057258977,0.0476281409207843,0.07990567329379634,0.00029544652057676924,0.04062209507613153
909.22,28.38,600.33,758.0,872.4,306.31,6987.0,10461.64,17448.64,0.08690989175693295,0.0027127677878420594,0.05738392833246031,0.07245517911149686,0.08339036709349586,0.02927934817103246
165.26,517.76,172.03,170.31,169.94,206.04,3600.0,5001.34,8601.34,0.033043144437290804,0.10352425549952612,0.03439678166251445,0.03405287382981361,0.03397889365650006,0.0411969592149304
552.49,6.01,69.07,304.15,52.77,667.78,4720.0,6372.27,11092.27,0.08670222699289264,0.0009431489877233701,0.010839151511156933,0.04773024369651631,0.00828119335809688,0.10479468070248121
922.68,467.72,871.4,664.95,827.6,385.17,8744.0,12883.52,21627.52,0.07161707359479397,0.036303743076426316,0.06763679491319143,0.051612447529867614,0.0642371029035543,0.02989633267926778
584.53,299.73,831.96,573.63,898.26,452.69,7636.0,11276.8,18912.8,0.051834740351872875,0.026579348751418846,0.07377624858115778,0.05086815408626561,0.07965557604994325,0.0401434804199773
126.3,89.18,351.92,35.43,547.99,923.44,5487.0,7561.26,13048.26,0.016703565278802738,0.011794330574533874,0.04654250746568694,0.004685726982010935,0.07247337084030968,0.1221277935158955
766.86,164.18,72.95,471.67,959.81,720.36,7316.0,10471.83,17787.83,0.0732307533640252,0.0156782529892101,0.006966308658563021,0.04504179307723674,0.09165637715661923,0.06879026874958818
532.28,795.59,192.91,298.49,836.0,825.6,8792.0,12272.869999999999,21064.87,0.043370458580592804,0.06482509795997188,0.01571840979330833,0.02432112456173658,0.06811772633459004,0.06727032878210232
573.64,196.64,802.07,109.31,351.06,902.89,7236.0,10171.61,17407.61,0.056396185068047236,0.01933223943898753,0.07885379010795734,0.010746577975364765,0.03451371021893289,0.0887656919602698
327.24,910.57,942.83,32.52,846.53,57.44,6136.0,9253.13,15389.13,0.03536533043413418,0.09840670129999256,0.10189308914929328,0.0035144864494500785,0.09148579994012837,0.006207629202226706
748.8,526.25,144.98,624.03,117.05,987.58,8943.0,12091.69,21034.690000000002,0.06192682743272445,0.04352162518225326,0.011990052672537915,0.05160817057003611,0.009680201857639419,0.08167427381945783
847.61,700.94,349.72,155.25,811.17,170.85,6356.0,9391.54,15747.54,0.09025250384920896,0.07463525683753676,0.03723776931152931,0.016530835198487148,0.08637241602548676,0.018191904629059768
357.67,945.38,924.43,586.17,868.45,85.29,7806.0,11573.39,19379.39,0.030904514580429764,0.08168565994924565,0.07987547295995383,0.05064808150420922,0.07503851507639508,0.007369491566429543
962.92,86.72,576.72,276.39,916.96,328.88,6153.0,9301.59,15454.59,0.10352208600895116,0.009323137227076232,0.06200230283209645,0.02971427465626844,0.09858099529220274,0.03535739588607969
327.43,325.09,852.14,786.06,11.18,483.1,6809.0,9594.0,16403.0,0.03412862205545132,0.03388471961642693,0.08882009589326663,0.08193245778611631,0.0011653116531165312,0.05035438815926621
637.84,191.38,629.57,470.89,241.79,270.87,5356.0,7798.34,13154.34,0.0817917659399308,0.024541120289702678,0.08073128383732948,0.06038336363892828,0.031005316516079063,0.034734315251707414
800.5,358.92,982.04,192.2,246.33,64.39,5182.0,7826.379999999999,13008.38,0.10228228120791479,0.045860282787188976,0.12547819042775843,0.02455796932937067,0.031474321461518615,0.008227303044319342
297.49,317.84,449.9,257.88,200.25,311.59,4373.0,6207.95,10580.95,0.04792081121787386,0.05119886597024782,0.07247158884978133,0.041540283024186726,0.03225702526598958,0.0501920923976514
458.15,539.02,394.62,829.0,522.14,240.13,6779.0,9762.06,16541.059999999998,0.04693169269600883,0.05521580486085929,0.04042384496714833,0.08492060077483646,0.05348666162674681,0.02459829175399455
187.95,912.23,337.43,206.61,47.44,616.45,6667.0,8975.11,15642.11,0.020941247516743526,0.1016399798999678,0.037596196592576576,0.023020330670041927,0.0052857290885571315,0.06868439495449082
908.42,417.74,358.1,230.22,654.42,542.42,7124.0,10235.32,17359.32,0.08875345372689862,0.040813574954178276,0.03498669313709782,0.022492701742593296,0.06393742452605292,0.052994923461113085
800.14,576.92,984.33,254.77,285.79,689.01,8554.0,12144.96,20698.96,0.06588247305878324,0.04750283245066266,0.08104843490633153,0.020977426026928044,0.023531571944246835,0.056732175322108926
217.39,533.83,526.94,393.81,486.13,390.64,5957.0,8505.74,14462.74,0.025558034927002236,0.06276114717825845,0.06195110595903473,0.046299322575108104,0.05715316950670959,0.04592663307366555
236.29,335.11,480.23,555.73,527.03,71.12,4499.0,6704.51,11203.51,0.035243440609380845,0.04998277279025611,0.07162790420179849,0.08288898070105048,0.07860828009802356,0.010607784908964265
966.65,20.64,439.86,496.81,282.27,595.38,6598.0,9399.61,15997.61,0.10283937312292743,0.0021958357846761727,0.04679555853913088,0.05285432055159735,0.03002996932851469,0.06334092584692343
946.68,429.45,603.51,910.23,479.18,902.26,10543.0,14814.31,25357.309999999998,0.06390307749736572,0.028988862795499757,0.04073831315802086,0.061442618657230746,0.03234575218150559,0.06090462532510795
480.33,386.61,926.8,901.98,559.91,949.15,10223.0,14427.779999999999,24650.78,0.03329202413676948,0.026796222287836385,0.0642371868714383,0.06251689449104436,0.03880777222829846,0.06578628174258272
107.84,373.19,502.84,407.08,628.77,185.25,4593.0,6797.969999999999,11390.97,0.015863559268428664,0.05489727080290146,0.07396914078761749,0.059882582594509834,0.09249378858688698,0.02725078221880944
929.58,532.21,736.11,557.15,775.83,206.43,7723.0,11460.31,19183.309999999998,0.08111298909017296,0.04643940696194083,0.06423124679873407,0.04861561336473446,0.06769712163109026,0.018012601753355714
773.82,831.53,960.7,353.72,394.54,192.38,7611.0,11117.69,18728.690000000002,0.06960258830746316,0.07479341481908561,0.08641183555216957,0.03181596176903655,0.03548758779926406,0.01730395432864201
367.73,824.44,566.91,767.46,781.79,327.23,8216.0,11851.56,20067.559999999998,0.031027982814076798,0.06956383800951099,0.04783420916740075,0.06475603211729089,0.06596515564195768,0.02761071116376241
226.6,11.0,71.35,11.69,485.85,791.91,4384.0,5982.4,10366.4,0.037877774806097886,0.001838726932334849,0.011926651511099224,0.0019540652580903985,0.08121322546135332,0.13237329499866274
576.73,756.33,87.96,369.57,223.6,914.72,8421.0,11349.91,19770.91,0.050813618786404474,0.0666375328086302,0.007749841188168011,0.032561491677026516,0.01970059674482,0.08059270954571446
4.95,667.51,14.86,873.18,825.37,510.47,7236.0,10132.34,17368.34,0.0004885347313651141,0.06587915525929844,0.001466591132946585,0.08617752661280612,0.08145897196501499,0.050380267539383794
976.88,832.08,79.47,619.22,368.12,260.66,7584.0,10720.43,18304.43,0.09112321054286068,0.07761628964509819,0.007412948920892165,0.05776074280602551,0.0343381748679857,0.02431432321278158
402.63,638.9,236.86,917.84,105.81,859.22,8925.0,12086.26,21011.260000000002,0.03331303480150187,0.05286167929533205,0.019597460256522696,0.07594077903338171,0.0087545692381266,0.07109064342484772
254.3,526.4,448.11,694.84,176.67,928.28,8428.0,11456.6,19884.6,0.02219681231779062,0.045947314211895324,0.03911369865405094,0.060649756472251806,0.015420805474573607,0.08102578426409231
211.37,925.49,614.64,918.84,695.52,599.91,9658.0,13623.77,23281.77,0.015514795097098674,0.06793200413688721,0.04511526545148663,0.06744388667747621,0.05105194817587202,0.044034066928610796
579.98,330.09,787.75,438.44,193.77,257.0,5688.0,8275.029999999999,13963.029999999999,0.07008796342732293,0.039889885595580925,0.0951960295007994,0.052983493715430645,0.02341622930672155,0.031057289218286828
306.18,137.08,549.85,725.44,890.43,381.03,6245.0,9235.01,15480.01,0.03315426837653668,0.014843513975621035,0.05953972978913937,0.07855324466351417,0.0964189535257677,0.04125929479231749
592.24,73.4,847.47,595.24,721.16,931.95,8744.0,12505.46,21249.46,0.047358513801171655,0.005869436230254626,0.06776799893806386,0.04759840901494228,0.05766761078760797,0.07452344815784466
503.08,875.25,57.35,837.4,49.45,493.39,7838.0,10653.92,18491.92,0.047220178112844846,0.08215286016790065,0.005382995179239191,0.07860017721176805,0.004641484073467794,0.046310653731208795
628.35,943.41,461.31,162.85,344.75,318.33,6860.0,9719.0,16579.0,0.06465171313921185,0.09706862845971807,0.047464759748945366,0.016755839078094453,0.03547175635353431,0.03275336968823953
344.11,179.19,30.19,535.22,118.13,353.31,4151.0,5711.15,9862.15,0.06025231345700954,0.03137546728767411,0.005286150775237912,0.09371492606567855,0.02068410040009455,0.06186319742958949
814.57,795.23,539.03,630.16,150.17,378.63,8099.0,11406.79,19505.79,0.07141097539272662,0.06971549401715996,0.047255187480439276,0.05524428870874277,0.013164965779154344,0.033193387447301125
275.46,334.21,974.15,657.96,338.91,501.63,7087.0,10169.32,17256.32,0.027087356873419264,0.032864537648535,0.09579303237581274,0.06470049128161962,0.03332671211054427,0.04932778199525632
516.34,682.94,670.66,593.97,665.91,237.67,7321.0,10688.49,18009.489999999998,0.04830803976988331,0.06389490002797402,0.06274600060438845,0.055570992722077675,0.06230159732572141,0.022236068892799637
438.1,556.71,823.93,362.43,576.68,19.49,5453.0,8230.34,13683.34,0.05322987871703964,0.0676411910079049,0.10010886549036856,0.04403584785075708,0.07006757922515959,0.0023680674188429635
309.23,254.62,616.46,888.42,216.48,901.14,8380.0,11566.35,19946.35,0.026735314079203897,0.022013859169055062,0.053297712761588574,0.07681074842106628,0.01871636255171251,0.07791049034483653
280.46,676.19,729.46,539.74,548.07,324.9,6984.0,10082.82,17066.82,0.027815630944517503,0.06706357943511836,0.07234682360688777,0.053530659081487124,0.05435681684290705,0.03222312805346123
627.1,520.53,461.58,646.87,999.79,681.44,9037.0,12974.31,22011.309999999998,0.04833397691283776,0.04012005262707612,0.03557645840125602,0.04985775736821457,0.07705920391912942,0.052522253591905856
472.66,288.53,836.27,679.08,490.43,294.0,6525.0,9585.97,16110.97,0.04930747749054087,0.030099197055697025,0.08723895443027675,0.0708410312154117,0.05116122833682977,0.03066982266791989
484.3,857.63,969.6,50.03,807.26,22.11,6184.0,9374.93,15558.93,0.05165905238759116,0.0914812163930824,0.10342477223829938,0.005336573179746409,0.08610837627587618,0.002358417609518151
253.65,51.38,417.09,689.61,885.97,74.93,4368.0,6740.629999999999,11108.63,0.037630013811765374,0.007622432917991346,0.06187700556179467,0.10230646096878186,0.13143726921667562,0.011116171633808711
564.09,321.15,590.16,161.65,109.3,776.77,6603.0,9126.119999999999,15729.119999999999,0.06181049558848668,0.03519020131227729,0.06466713126717598,0.01771289441734275,0.011976612185682417,0.0851150324562903
154.83,302.06,911.95,100.35,143.65,623.62,5519.0,7755.46,13274.46,0.019963999556441528,0.03894804434553205,0.11758812501128238,0.012939271171535923,0.0185224345171015,0.08041044631781996
909.36,487.33,344.62,285.48,91.26,926.73,8320.0,11364.78,19684.78,0.08001562722727584,0.04288072448388794,0.03032350824213051,0.025119711952189133,0.008030071853568656,0.08154403340847777
867.51,932.27,148.9,373.02,570.23,531.79,8504.0,11927.72,20431.72,0.07273058053005939,0.07815995009943225,0.012483525770222641,0.0312733699315544,0.047807124915742495,0.044584379915021476
992.99,831.97,982.63,361.36,331.65,574.97,9553.0,13628.57,23181.57,0.0728609091049171,0.061046023170442686,0.07210074131035024,0.026514887475355083,0.02433490821120631,0.042188578845762985
331.82,175.46,763.6,352.17,256.97,372.7,5019.0,7271.72,12290.720000000001,0.04563156997244118,0.024129091879225274,0.10500954382181932,0.04843008256643545,0.03533826935030502,0.05125334858877954
479.95,842.11,196.97,595.41,883.59,337.1,7677.0,11012.130000000001,18689.13,0.04358375718412332,0.07647112774731137,0.01788663955111318,0.0540685589436376,0.0802378831343255,0.030611698190994838
788.17,825.42,912.89,235.03,938.7,907.57,10763.0,15370.779999999999,26133.78,0.05127716355318338,0.05370059294323385,0.05939126056062217,0.015290700927343961,0.06107042062927191,0.05904514930276799
540.69,326.95,362.71,597.94,255.6,635.3,6959.0,9678.19,16637.190000000002,0.055866851136421175,0.03378214314866726,0.03747704891100505,0.06178221340973881,0.026409896891877508,0.06564243934041385
679.14,447.24,395.3,421.19,565.18,169.63,5692.0,8369.68,14061.68,0.08114288718326149,0.05343573469953451,0.04723000162491278,0.050323309851750604,0.06752707391441488,0.020267202569273855
283.57,358.42,213.66,29.11,622.68,90.42,3141.0,4738.860000000001,7879.860000000001,0.05983928624183875,0.07563422426490758,0.04508679302617084,0.006142827599886892,0.13139869082437547,0.019080538357326444
751.82,145.44,471.13,744.64,534.31,809.25,8387.0,11843.59,20230.59,0.06347906335832294,0.012280060353321923,0.03977932366790812,0.06287282825562182,0.04511385483624475,0.06832809984134879
835.52,315.69,142.37,764.15,563.82,833.02,8760.0,12214.57,20974.57,0.06840355411610888,0.02584536336522694,0.011655752105886659,0.0625605322168525,0.04615962739580682,0.06819888051728387
5.77,169.34,725.49,477.59,363.65,429.3,4945.0,7116.14,12061.14,0.0008108328391515624,0.02379660883568901,0.10194993353138078,0.06711363182849128,0.051102142453633564,0.060327649540340686
322.0,605.12,47.46,531.5,839.57,694.12,7639.0,10678.77,18317.77,0.03015328544392285,0.056665702136107436,0.004444332071952107,0.04977164973119563,0.07862047782656617,0.06499999531781282
927.85,609.14,185.13,117.63,326.15,685.77,7395.0,10246.67,17641.67,0.09055136937170807,0.05944760590513796,0.018067333094556572,0.011479827104805756,0.03182985301566265,0.0669261330754284
142.99,644.11,93.04,221.03,547.35,968.01,7430.0,10046.529999999999,17476.53,0.014232774898397757,0.06411268368282383,0.009260908990467357,0.022000631063660788,0.0544814975917058,0.09635267102173588
196.22,945.14,807.19,314.81,691.84,293.48,7219.0,10467.68,17686.68,0.018745318924537242,0.09029125842593583,0.07711259801598827,0.030074476865933997,0.06609296424804732,0.028036776057349864
204.8,416.06,743.94,884.94,11.75,750.43,8000.0,11011.92,19011.92,0.01859802831840406,0.03778269366286715,0.06755770110934334,0.08036200771527581,0.0010670255504943733,0.06814706245595681
899.43,712.96,760.18,762.53,75.72,378.28,8576.0,12165.099999999999,20741.1,0.07393527385718161,0.05860699870942287,0.06248859442174746,0.06268176998134006,0.006224363137171089,0.031095510928804533
204.63,624.34,566.31,379.17,952.84,786.09,8368.0,11881.380000000001,20249.38,0.01722274685263833,0.05254776802021314,0.04766365523196799,0.03191295960570237,0.08019607150011193,0.06616150649167016
100.6,606.55,88.07,681.03,251.5,68.65,4427.0,6223.4,10650.4,0.016164797377639234,0.09746280168396697,0.014151428479609216,0.10943053636275991,0.040411993444098085,0.011030947713468523
837.69,633.04,348.36,48.06,649.56,834.14,8332.0,11682.85,20014.85,0.07170253833610805,0.05418540852617298,0.029818066653256696,0.004113722250991839,0.055599447052731135,0.07139867412489247
319.67,510.24,421.67,851.19,21.56,377.89,6473.0,8975.220000000001,15448.220000000001,0.03561695423621928,0.05684985994772272,0.04698157816744324,0.09483778670606402,0.0024021695289920464,0.04210370330755123
481.36,142.48,493.66,588.1,784.36,814.73,7803.0,11107.69,18910.690000000002,0.04333574307529288,0.012827149479324682,0.044443084025571476,0.05294530185844221,0.07061414209435085,0.07334828393662408
632.14,332.75,875.67,63.47,979.73,85.44,5255.0,8224.2,13479.2,0.07686340312735584,0.04045986235743294,0.10647479390092653,0.007717467960409522,0.11912769631088738,0.01038885241117677
791.08,238.26,369.8,199.95,378.52,285.02,4941.0,7203.63,12144.630000000001,0.10981685622387602,0.03307499135852341,0.05133522959952135,0.02775683926020631,0.05254573041647058,0.03956616317051264
747.35,261.12,37.92,934.6,770.3,710.22,8425.0,11886.51,20311.510000000002,0.06287379558844439,0.02196776009106121,0.0031901710426357273,0.07862694769112212,0.0648045557526978,0.05975008644253023
675.29,182.0,805.35,547.92,414.81,769.94,8039.0,11434.31,19473.309999999998,0.05905822039108612,0.015917007672522434,0.07043275895091178,0.047918938702903806,0.03627765908043424,0.06733593894165893
288.31,233.38,936.94,349.42,598.62,54.17,4481.0,6941.84,11422.84,0.041532216242379544,0.03361932859299552,0.13496997914097703,0.05033535777257903,0.0862336210572413,0.007803406589607366
411.39,336.15,206.56,411.67,502.62,763.13,6831.0,9462.52,16293.52,0.04347573373689038,0.03552436348879579,0.021829280149473922,0.043505324163119335,0.05311692868284558,0.08064764988607685
983.4,583.08,544.15,443.14,791.0,864.11,10049.0,14257.880000000001,24306.88,0.06897238579648586,0.040895280364261724,0.038164860414030694,0.031080356967515505,0.055478093517409316,0.060605784310149895
536.33,759.45,451.21,653.83,614.92,160.29,7044.0,10220.03,17264.03,0.05247831953526555,0.07430995799425247,0.04414957686034189,0.06397535036589912,0.06016812083721867,0.015683906994402166
250.42,727.86,310.57,360.1,267.09,389.7,5931.0,8236.74,14167.74,0.030402804993237616,0.08836748519438516,0.03770545142859918,0.043718752807542796,0.032426663947144135,0.04731240757872653
775.64,605.6,605.68,189.84,732.13,923.42,9318.0,13150.310000000001,22468.31,0.05898263995297449,0.04605214629921271,0.04605822980598936,0.01443616158098174,0.055673972704825964,0.07022039784613442
297.55,132.32,771.99,810.67,480.55,280.3,5881.0,8654.380000000001,14535.380000000001,0.03438143460305648,0.015289367926991879,0.08920223054684448,0.09367164372260056,0.05552679683582186,0.03238822422865647
394.3,741.23,353.72,320.03,956.05,436.94,7231.0,10433.27,17664.27,0.03779256168008688,0.0710448402082952,0.0339030812008124,0.03067398811686077,0.09163474155274424,0.04187948744736789
375.35,860.54,694.24,408.09,61.92,325.88,6763.0,9489.02,16252.02,0.03955624500738748,0.09068797410059204,0.07316245513235296,0.04300654862145933,0.006525436767969716,0.03434285100041943
341.92,886.64,355.31,663.6,278.87,718.15,8737.0,11981.49,20718.489999999998,0.028537352199100446,0.07400081292059668,0.029654909364361194,0.055385432028904585,0.023275068459765857,0.05993828814279359
318.73,858.87,896.81,485.14,929.73,459.97,8724.0,12673.25,21397.25,0.025149823447024246,0.06777030359221194,0.07076401081017103,0.038280630461799456,0.07336160811157359,0.036294557433965244
972.28,816.97,430.3,401.46,555.19,351.3,8130.0,11657.5,19787.5,0.08340381728500965,0.07008106369290157,0.0369118593180356,0.03443791550503967,0.04762513403388377,0.030135106154835944
350.3,185.3,353.98,574.66,1.1,860.7,6678.0,9004.04,15682.04,0.03890475830849263,0.020579650912257164,0.039313463734057155,0.06382246191709498,0.00012216738264156978,0.09559042385418101
520.95,278.31,634.73,510.64,449.85,413.95,6281.0,9089.43,15370.43,0.057313824959320886,0.03061908172459659,0.06983166161134416,0.0561795404112249,0.04949155227555523,0.0455419096687031
642.75,878.1,999.23,662.46,117.02,454.2,9006.0,12759.76,21765.760000000002,0.0503732045116836,0.0688179088007925,0.07831103406333662,0.05191790441199521,0.009171018890637442,0.03559628080778949
383.91,864.55,673.49,809.05,927.93,318.49,8776.0,12753.42,21529.42,0.030102513678683836,0.06778965955798523,0.052808579973058205,0.0634378856808605,0.07275930691532154,0.024972909227485646
427.73,791.7,179.24,487.63,901.61,211.18,6657.0,9656.09,16313.09,0.04429639740308966,0.08198970804953144,0.01856237876821778,0.0504997364357623,0.09337216202417335,0.02187013584173304
377.42,813.58,167.37,588.21,966.39,532.65,8198.0,11643.619999999999,19841.62,0.03241431788395706,0.06987345859792746,0.014374395591748959,0.05051779429421435,0.0829973839750868,0.04574608240392593
767.6,819.62,663.57,144.69,342.12,262.48,6802.0,9802.08,16604.08,0.07830990973344433,0.0836169466072507,0.06769685617746438,0.01476115273492973,0.03490279614122717,0.0267779899776374
670.26,56.23,487.73,679.19,179.2,789.95,7331.0,10193.560000000001,17524.56,0.06575327952158028,0.005516227892904931,0.04784687587064774,0.06662932282735373,0.017579726807906166,0.07749500665125823
447.56,727.43,144.06,317.25,251.04,981.17,8313.0,11181.51,19494.510000000002,0.0400267942344102,0.06505650846799761,0.01288376972340945,0.028372733199719894,0.02245135048844029,0.08774932902622275
14.03,659.34,112.32,425.96,998.3,936.46,8178.0,11324.41,19502.41,0.0012389166411318558,0.058222900795714745,0.009918397514749112,0.037614321629117986,0.08815470298231873,0.08269393284065131
632.93,653.66,251.56,734.0,879.12,138.78,7048.0,10338.05,17386.05,0.061223344828086536,0.06322855857729456,0.02433340910519876,0.07099985006843651,0.08503731361330231,0.013424195085146619
961.72,801.42,247.44,562.54,772.64,762.27,10094.0,14202.029999999999,24296.03,0.0677170798822422,0.05642996106894578,0.017422861379676004,0.039609830425650416,0.05440349020527348,0.05367331289963477
677.28,651.75,68.23,569.2,100.51,515.51,7003.0,9585.48,16588.48,0.07065686851362686,0.06799346511598793,0.007118057728981752,0.05938148115691651,0.010485651214128037,0.0537803010386543
8.84,416.59,716.0,949.21,624.59,623.31,7966.0,11304.54,19270.54,0.0007819867062259941,0.03685156583107317,0.06333738480291988,0.08396714948153573,0.05525125303639069,0.055138024192050265
269.46,304.74,221.85,57.73,669.73,641.68,5292.0,7457.1900000000005,12749.19,0.03613425432367956,0.040865258897788574,0.029749811926476324,0.0077415219405701065,0.0898099686342979,0.08604849816083537
1.04,19.68,900.71,55.67,379.03,63.1,2259.0,3678.23,5937.23,0.00028274468970129654,0.00535039951280915,0.24487593217389886,0.015134996995837672,0.1030468459014254,0.01715499030783828
236.32,172.26,936.65,48.26,293.03,582.58,5191.0,7460.1,12651.1,0.03167785954611868,0.023090843286283025,0.125554617230332,0.006469082183884934,0.039279634321255745,0.07809278695996033
639.02,873.2,972.38,961.58,761.14,307.13,9889.0,14403.45,24292.45,0.04436575959231989,0.060624364301608294,0.06751021456664896,0.06676039421110914,0.05284428383477569,0.02132336349971708
846.02,919.07,403.48,429.08,24.8,632.37,8687.0,11941.82,20628.82,0.07084514755707254,0.07696230557821171,0.03378714467309003,0.035930871508698004,0.002076735371995224,0.052954239805992724
330.77,248.54,161.3,779.52,310.61,661.73,6613.0,9105.47,15718.47,0.03632651581961173,0.02729568050852949,0.017714626482762563,0.08561007833752679,0.03411246206950328,0.07267389821722547
533.6,633.38,605.78,906.55,332.73,312.64,7784.0,11108.68,18892.68,0.04803450995077723,0.05701667524854438,0.05453213163040073,0.08160735568942484,0.029952253553077415,0.0281437578542185
16.19,678.98,522.05,644.91,41.61,743.54,7455.0,10102.279999999999,17557.28,0.0016026085200568588,0.06721057028710352,0.05167645323629914,0.0638380642785589,0.00411887217539011,0.07360120685627404
259.43,329.67,656.14,914.94,703.49,662.19,8277.0,11802.86,20079.86,0.02198026579998407,0.02793136578761419,0.05559161084686254,0.07751849975344959,0.05960335037440078,0.0561041984739292
875.12,384.08,808.14,552.05,616.29,605.12,8659.0,12499.8,21158.8,0.07001072017152275,0.030726891630266085,0.06465223443575098,0.04416470663530617,0.04930398886382182,0.04841037456599306
333.54,796.11,516.83,794.89,193.18,481.94,7970.0,11086.49,19056.489999999998,0.030085265940798217,0.07180902161098779,0.04661800082803485,0.07169897776482909,0.01742481164011333,0.04347092722764374
637.7,33.55,582.05,753.24,307.22,525.68,6595.0,9434.44,16029.44,0.06759277710176757,0.0035561199180873474,0.061694175806937125,0.07983939693293932,0.03256367097570179,0.055719258376755794
670.31,26.73,522.02,440.71,105.33,275.16,4519.0,6559.26,11078.26,0.10219293030006432,0.00407515481929364,0.07958519711064967,0.06718898168390947,0.016058213883883243,0.04194985409939536
398.07,611.35,333.33,160.58,952.81,438.19,6430.0,9324.33,15754.33,0.04269153923123699,0.06556503255461787,0.035748413022705115,0.01722161270568502,0.10218535809007188,0.04699426124986996
207.49,417.62,331.3,484.32,849.61,845.14,7782.0,10917.48,18699.48,0.019005301589744155,0.0382524172244877,0.030345830722840805,0.044361885709889096,0.07782107226209711,0.07741163711772314
620.28,290.29,118.69,436.82,803.95,294.96,5507.0,8071.99,13578.99,0.07684350451375684,0.03596263127184251,0.014703932983068612,0.05411552789336954,0.09959749702365836,0.0365411751005638
590.98,3.63,486.88,95.81,119.34,409.45,3956.0,5662.09,9618.09,0.10437488630523357,0.0006411060226877354,0.0859894491256762,0.016921313507909624,0.021077022795469517,0.07231428677396509
341.21,535.35,820.88,44.73,730.23,807.56,7737.0,11016.96,18753.96,0.03097133873591263,0.04859325984663646,0.07451057278958988,0.004060103694667132,0.06628235012199374,0.07330152782618798
515.56,765.58,670.14,79.95,525.43,609.28,7585.0,10750.939999999999,18335.94,0.04795487650382199,0.07121051740591987,0.062333154124197515,0.007436559035768037,0.04887293576189617,0.05667225377501875
711.36,84.09,52.43,907.89,744.53,85.62,5279.0,7864.92,13143.92,0.0904472009886941,0.010691780717413528,0.006666310655416711,0.11543537632932058,0.09466466283191691,0.01088631543613921
493.47,326.11,546.03,406.79,492.74,610.5,6838.0,9713.64,16551.64,0.05080175917575698,0.03357237863457983,0.05621270707994119,0.0418782248467104,0.0507266071215322,0.0628497658962037
966.54,617.8,850.09,731.43,999.83,354.16,9498.0,14017.849999999999,23515.85,0.0689506593379156,0.04407237914516135,0.060643393958417315,0.05217847244762928,0.07132548857349737,0.025264930071301952
362.64,54.75,754.27,888.38,574.96,324.74,6238.0,9197.74,15435.74,0.03942707665143829,0.00595254921317628,0.0820060145209584,0.0965867702283387,0.06251100813895588,0.03530649920523955
251.5,937.55,330.19,277.28,411.96,336.4,6356.0,8900.880000000001,15256.880000000001,0.02825563315087946,0.10533228175191665,0.03709633204806715,0.03115197598439704,0.04628306414646641,0.03779401587258787
410.44,608.41,719.84,907.29,84.35,681.15,8806.0,12217.48,21023.48,0.033594489207266966,0.049798321748838546,0.05891886051788094,0.07426163169491581,0.006904042404816705,0.05575208635496027
836.78,395.37,26.66,152.38,786.1,738.4,7175.0,10110.69,17285.690000000002,0.08276190843552714,0.039104156096171475,0.002636813115623167,0.01507117714023474,0.07774939198017149,0.07303161307487421
60.41,884.67,892.1,576.07,74.29,704.23,8472.0,11663.77,20135.77,0.005179285942709775,0.07584768904050748,0.07648470434516455,0.04938969132621786,0.006369295690844384,0.06037756231475758
226.56,802.92,55.51,300.17,6.18,141.23,4279.0,5811.57,10090.57,0.038984302004449745,0.13815887961428666,0.009551635788607897,0.05165041460397105,0.0010633959498035815,0.024301522652226508
117.94,635.13,238.6,364.03,324.37,497.95,5787.0,7965.0199999999995,13752.02,0.01480724467735172,0.07973991276858063,0.02995598253362829,0.045703588942651745,0.04072431707641663,0.06251710604618696
590.38,541.99,468.96,559.48,688.64,271.46,6827.0,9947.91,16774.91,0.05934713924834463,0.05448280090993988,0.04714156038806141,0.056240959156244885,0.06922459089396667,0.027288143941792797
255.61,637.59,496.61,203.09,614.44,206.61,5235.0,7648.950000000001,12883.95,0.03341765863288425,0.08335653913282215,0.0649252511782663,0.02655135672216448,0.08032997993188608,0.027011550604985
428.43,12.55,145.97,512.33,853.58,196.52,4212.0,6361.38,10573.380000000001,0.06734859417296248,0.0019728423706805755,0.022946278952051286,0.08053755631639677,0.13418157695342836,0.030892667943119262
149.78,191.97,558.87,172.98,412.79,178.45,3335.0,4999.84,8334.84,0.029956958622675924,0.03839522864731671,0.11177757688246023,0.03459710710742744,0.08256064194054209,0.035691142116547725
328.07,782.75,172.69,313.47,124.85,453.17,6026.0,8201.0,14227.0,0.04000365809047677,0.09544567735641996,0.021057188147786857,0.038223387391781494,0.015223753200829167,0.055257895378612365
795.28,970.21,968.39,857.64,255.73,149.39,9011.0,13007.64,22018.64,0.06113945342890793,0.07458770384174225,0.07444778607034021,0.06593355904683709,0.019659984439913774,0.011484788939423292
72.75,880.44,239.08,949.07,902.65,148.75,7192.0,10384.74,17576.739999999998,0.007005471489897677,0.08478209372598641,0.0230222422516115,0.09139082923597511,0.08692080880214623,0.014323902187247828
132.99,757.7,167.64,230.73,297.79,886.06,7282.0,9754.91,17036.91,0.013633134493296197,0.07767370483172065,0.01718519186748007,0.023652704125409665,0.030527190922315022,0.09083220655034234
284.0,556.77,96.05,116.79,694.57,559.16,5744.0,8051.34,13795.34,0.03527363147004101,0.06915246406188286,0.011929691206681123,0.01450565992741581,0.08626762750051545,0.06944930905911313
36.04,925.81,822.63,531.67,57.51,218.46,6348.0,8940.12,15288.12,0.004031265799564211,0.10355677552426588,0.09201554341552462,0.059470118969320314,0.006432799559737452,0.024435913611897824
599.92,832.48,116.6,296.04,970.38,415.97,7425.0,10656.39,18081.39,0.05629673838889155,0.07812026399183965,0.010941791732472254,0.02778051478971772,0.09106085644388015,0.03903479508539009
994.4,785.92,159.25,381.83,296.66,892.39,9473.0,12983.45,22456.45,0.07658981241503605,0.06053244707685553,0.012265615071494864,0.029408978353211202,0.022849088647470435,0.0687328868675121
36.04,423.25,166.91,222.02,598.43,247.19,3878.0,5571.84,9449.84,0.00646824029405008,0.07596233919136228,0.029955992993337927,0.03984680105674248,0.10740258155295197,0.044364159774867906
475.17,380.97,460.06,642.39,220.0,376.2,6144.0,8698.79,14842.79,0.05462483862698145,0.04379574630494586,0.05288781543180143,0.07384820187635291,0.025290873788193526,0.043247394177810934
587.02,361.02,694.24,329.66,797.7,313.53,6324.0,9407.17,15731.17,0.062401338553465066,0.03837711022549821,0.07379902776286598,0.03504348279025467,0.0847970218461025,0.03332883321976747
781.15,552.75,174.21,601.86,777.93,366.76,7383.0,10637.66,18020.66,0.07343250301288065,0.051961615618472484,0.01637672194824802,0.056578232430816555,0.07312980486309958,0.034477507271335986
472.43,114.31,565.1,905.36,405.67,185.11,5620.0,8267.98,13887.98,0.05713971248116227,0.013825626090048598,0.06834801245286032,0.1095019581566477,0.04906518883693478,0.022388781782249113
54.08,736.44,997.23,735.75,9.53,71.72,5940.0,8544.75,14484.75,0.0063290324468240735,0.08618625471780919,0.11670674975862372,0.08610550337926798,0.0011153047192720676,0.008393457971268907
274.3,333.08,614.05,620.32,174.87,574.23,6519.0,9109.85,15628.85,0.030110265262325943,0.03656262177752652,0.0674050615542517,0.06809332755204532,0.019195705747075967,0.06303396872615905
906.84,187.21,676.99,655.5,321.59,632.86,7964.0,11344.99,19308.989999999998,0.07993308059328391,0.016501557074973184,0.05967303629179047,0.057778808090619735,0.028346433095137145,0.05578321355946546
855.78,620.44,763.26,385.05,461.73,58.23,6456.0,9600.49,16056.49,0.08913920018665714,0.06462586805465138,0.07950219207561281,0.04010732785514073,0.048094420180636616,0.0060653154161922984
269.01,390.09,860.02,944.26,607.55,277.63,7174.0,10522.560000000001,17696.56,0.02556507161755314,0.03707177721010856,0.08173106164279413,0.08973671806100415,0.057737850865188685,0.02638426390536143
52.01,177.25,174.17,686.41,618.69,234.05,4278.0,6220.58,10498.58,0.008360956695356381,0.028494127557237427,0.02799899687810461,0.11034501605959572,0.099458571387234,0.03762510891267374
610.15,995.32,757.92,622.36,241.99,910.61,10841.0,14979.349999999999,25820.35,0.040732742074923146,0.06644614085390889,0.05059765610657339,0.041547864226418374,0.01615490658806958,0.06079102230737649
387.72,256.08,791.75,40.6,822.03,342.0,5185.0,7825.18,13010.18,0.04954774203277113,0.03272512581180241,0.10117978116797313,0.005188379053261394,0.10504934071804098,0.04370506493141372
328.11,183.13,850.23,461.4,345.2,489.56,6005.0,8662.63,14667.63,0.0378764878564593,0.021140231084555153,0.09814917640485628,0.05326326993072543,0.03984932982246731,0.05651401479689194
890.01,373.28,623.96,228.75,314.52,224.78,5681.0,8336.3,14017.3,0.10676319230353995,0.04477765915334141,0.07484855391480634,0.027440231277665154,0.03772896848721855,0.02696400081570961
167.14,943.57,820.53,455.0,131.76,363.92,7130.0,10011.92,17141.92,0.0166941006320466,0.0942446603648451,0.08195530927134854,0.045445828572341765,0.013160312907014837,0.036348672382520035
668.24,798.99,171.95,283.05,546.02,677.84,8078.0,11224.09,19302.09,0.059536229663162,0.07118528094482493,0.01531972747902057,0.0252180800403418,0.04864715090488404,0.06039153285477932
249.8,487.18,922.77,18.49,510.91,837.58,7339.0,10365.73,17704.73,0.024098640423781056,0.046999101848109105,0.08902122667675118,0.0017837624557074127,0.04928837621662922,0.08080279922398134
188.82,129.27,230.43,464.89,389.11,748.99,5728.0,7879.51,13607.51,0.023963419045092905,0.01640584249528207,0.029244204271585417,0.05899986166652495,0.04938251236434753,0.0950554031913152
383.98,654.54,678.22,651.29,415.85,411.91,7529.0,10724.789999999999,18253.79,0.03580303204072061,0.061030565633452966,0.0632385342743308,0.060727529396846,0.038774651997847985,0.038407278837161385
649.53,795.64,533.72,510.37,485.43,608.69,8775.0,12358.380000000001,21133.38,0.05255785952527758,0.06438060651962474,0.04318689019110919,0.04129748397443678,0.03927942011817082,0.04925321927307624
519.08,493.1,375.53,579.99,491.61,255.77,6163.0,8878.08,15041.08,0.05846759659746252,0.05554128820645906,0.04229856004901961,0.06532831423010381,0.055373459126297576,0.02880915693483276
920.06,668.16,771.18,37.54,107.77,765.11,8281.0,11550.82,19831.82,0.0796532194251144,0.057845243887446954,0.06676409120737749,0.003249985715299866,0.00933007353590481,0.06623858739033246
754.81,590.7,655.69,228.98,495.76,821.56,8724.0,12271.5,20995.5,0.061509187955832614,0.048135924703581474,0.05343193578617121,0.018659495579187547,0.04039929918917818,0.06694862078800472
936.41,624.97,178.87,99.33,899.69,423.56,7054.0,10216.83,17270.83,0.09165367339967485,0.06117063707627513,0.017507387320724727,0.009722193674554631,0.08805960361481986,0.04145708600417155
257.56,524.15,414.8,828.4,544.84,733.99,8366.0,11669.74,20035.739999999998,0.02207075736048961,0.04491531088096221,0.03554492216621793,0.07098701427795306,0.04668827240366966,0.06289685974151953
584.41,98.11,55.77,656.0,313.47,972.78,7455.0,10135.54,17590.54,0.05765948336250461,0.009679799990923029,0.005502420196654544,0.0647227478752982,0.03092780453730142,0.09597712603373869
191.11,438.26,529.17,479.65,299.81,34.17,4165.0,6137.17,10302.17,0.03113975985674179,0.07141076424475776,0.08622378066763671,0.07815491505042226,0.04885150647611195,0.005567712805739453
147.89,256.28,444.81,77.17,736.17,937.95,6559.0,9159.27,15718.27,0.01614648328960714,0.02798039581757061,0.04856391393637265,0.008425343941165616,0.08037430930630934,0.10240444926287794
594.03,255.6,411.98,208.8,101.1,723.18,6104.0,8398.69,14502.69,0.07072888748126195,0.030433317576907825,0.04905288800991583,0.024861019992403578,0.012037591576781616,0.08610628562311502
626.96,160.57,823.18,650.2,662.36,933.53,9144.0,13000.8,22144.8,0.048224724632330324,0.012350778413636083,0.06331764199126208,0.050012306934957854,0.05094763399175436,0.07180558119500338
139.72,831.04,843.23,654.59,325.38,30.01,6176.0,8999.970000000001,15175.970000000001,0.015524496192765086,0.09233808557139633,0.09369253453067065,0.07273246466377109,0.036153453844846146,0.0033344555592963085
975.65,306.3,835.84,332.31,261.19,435.6,7019.0,10165.89,17184.89,0.09597290547113928,0.030130170599917964,0.08222005156459494,0.03268872671256526,0.02569278243223171,0.04284917503533877
811.16,115.99,36.91,48.41,616.23,365.65,4344.0,6338.35,10682.35,0.12797652385873293,0.018299715225571323,0.005823282084454155,0.007637634400119904,0.09722246325936561,0.05768851514984183
217.94,588.9,811.95,617.71,922.97,525.86,8175.0,11860.33,20035.33,0.01837554267039787,0.0496529185950138,0.06845930931095509,0.05208202469914412,0.0778199257524875,0.04433772078854467
783.39,185.17,997.6,578.32,811.54,119.33,6522.0,9997.35,16519.35,0.07835976533781451,0.01852190830570101,0.09978644340750299,0.05784732954232872,0.08117551151055029,0.011936163083217053
524.13,762.87,327.47,236.32,128.59,817.47,7848.0,10644.85,18492.85,0.049237894380850834,0.07166564113162703,0.03076323292484159,0.02220040676947068,0.0120800199157339,0.0767948820321564
374.53,344.97,553.3,589.08,649.84,984.5,8816.0,12312.220000000001,21128.22,0.030419371973535232,0.028018505192402343,0.04493909303115116,0.047845148965824195,0.05278008352677259,0.07996120927013974
506.05,293.98,145.94,299.63,819.33,20.55,3947.0,6032.48,9979.48,0.08388755536694693,0.04873285945415485,0.024192371959791,0.049669456011457974,0.13581976235312843,0.0034065591597485616
111.67,325.81,846.96,823.89,815.57,537.87,7666.0,11127.77,18793.77,0.010035254143462706,0.029279001992312925,0.07611228485132242,0.07403909318758385,0.07329141418271586,0.048335830089946144
807.13,127.07,596.9,886.41,618.66,26.23,5957.0,9019.4,14976.4,0.08948821429363372,0.014088520300685189,0.06617956848570858,0.09827815597489856,0.06859214581901235,0.0029081757101359295
251.03,553.97,571.47,91.9,233.84,205.21,4358.0,6265.42,10623.42,0.04006594928991193,0.08841705743589416,0.09121016627775952,0.014667811575281466,0.03732231837610248,0.03275279231081077
314.41,67.43,296.51,728.87,494.04,374.83,5199.0,7475.09,12674.09,0.04206103204108579,0.009020627176395202,0.03966641204319948,0.09750651831616743,0.06609151194166224,0.050143877866353444
347.01,103.13,275.4,711.14,23.83,138.33,3779.0,5377.84,9156.84,0.0645259063118278,0.01917684423486009,0.05121015128750576,0.1322352468649123,0.004431147077637118,0.025722223048658944
130.31,663.36,865.77,477.86,7.27,122.8,5235.0,7502.370000000001,12737.37,0.017369178006416637,0.08842005926127343,0.11539953374733583,0.06369453919228191,0.000969027120763172,0.01636816099445908
46.41,760.8,137.61,493.29,727.95,34.15,4824.0,7024.21,11848.21,0.006607148704267099,0.10831111256639536,0.01959081519487601,0.07022711450825075,0.10363443006402144,0.00486175669577077
106.55,181.42,343.32,581.93,664.95,600.27,5934.0,8412.439999999999,14346.439999999999,0.012665766412598487,0.02156568130055014,0.040810989439449205,0.06917493616596375,0.07904365439753509,0.07135504086804781
866.83,327.32,20.61,354.38,834.56,638.98,7180.0,10222.68,17402.68,0.08479478962463854,0.03201900088822109,0.002016105365716231,0.034666056259219695,0.08163808316410177,0.06250611385664033
143.05,722.7,141.99,953.58,48.53,797.64,8297.0,11104.49,19401.489999999998,0.012882176488969778,0.06508178223403327,0.012786719606213344,0.08587337194234045,0.004370304264311104,0.07183040373758723
428.61,610.14,959.11,583.57,524.53,617.94,8683.0,12406.9,21089.9,0.03454609934794348,0.049177473825048966,0.07730456439561857,0.04703592355866494,0.042277281190305396,0.049806156251763135
70.41,957.97,459.46,384.3,624.25,325.35,6724.0,9545.74,16269.74,0.007376065134814064,0.10035576078962972,0.04813246537198792,0.04025879607028895,0.0653956634058753,0.03408326646231723
981.93,6.37,686.03,398.59,177.39,912.46,7869.0,11031.77,18900.77,0.08900928862730095,0.0005774232058862721,0.0621867569755352,0.03613110135544885,0.016079921898299182,0.08271202173359307
482.12,964.76,408.23,284.39,497.79,30.48,5897.0,8564.77,14461.77,0.05629106210674659,0.11264283804468771,0.04766386020873882,0.033204627795025435,0.0581206500583203,0.003558764566941085
952.76,419.16,154.41,325.73,696.88,839.26,8396.0,11784.2,20180.2,0.08085063050525279,0.03556966107160435,0.01310313810016802,0.02764124845131617,0.059136810305324077,0.07121908996792314
671.4,440.07,891.2,496.54,168.1,693.94,8230.0,11591.25,19821.25,0.05792300226463927,0.0379657068909738,0.07688558179661382,0.042837485172004745,0.01450231855925806,0.059867572522376795
945.81,130.71,138.81,289.98,113.67,528.82,5476.0,7623.8,13099.8,0.12406017996274822,0.017144993310422626,0.01820745559956977,0.03803614995146777,0.014909887457698261,0.06936435898108555
769.35,155.06,481.46,769.67,87.96,132.67,5280.0,7676.17,12956.17,0.10022576362951836,0.020200177953328288,0.06272138318979387,0.10026745108563254,0.01145883949938576,0.01728335875833912
810.69,34.08,738.91,962.41,77.52,581.26,7659.0,10863.869999999999,18522.87,0.07462257924662208,0.00313700366444002,0.06801535732662486,0.08858813664007394,0.007135578757845961,0.053503953931702056
913.39,157.33,463.79,946.4,13.05,406.3,7006.0,9906.26,16912.260000000002,0.09220331386416265,0.01588187671230111,0.0468178707201305,0.09553555024802499,0.0013173488279128551,0.04101446963839027
141.9,152.56,943.03,410.78,185.91,661.03,6045.0,8540.21,14585.21,0.016615516480273908,0.017863729346233877,0.11042234324448696,0.04809951980103534,0.02176878554508613,0.07740207793485172
4.33,593.79,71.45,454.6,980.12,295.33,5386.0,7785.62,13171.619999999999,0.0005561535240610254,0.07626752911136171,0.009177175356618997,0.058389697930286866,0.12588849699831228,0.037932752947099906
224.05,637.58,183.57,184.65,264.44,87.95,3765.0,5347.24,9112.24,0.04190012043596323,0.11923534384093477,0.03432985989033595,0.03453183324481415,0.04945354986871732,0.016447737524405114
930.75,560.91,727.85,166.23,961.25,919.77,9874.0,14140.76,24014.760000000002,0.06582036609064859,0.03966618484437894,0.05147177379433637,0.01175537948455387,0.06797725157629435,0.06504388731581612
479.78,387.17,447.56,226.57,527.56,676.01,6693.0,9437.65,16130.65,0.050836807891795094,0.04102398372476199,0.04742282241871652,0.024007035649764506,0.05589950888197803,0.07162906020036768
904.41,309.92,892.82,39.88,675.5,451.65,6797.0,10071.18,16868.18,0.0898017908527104,0.030772958084355557,0.08865098230793214,0.00395981404363739,0.06707257739410873,0.04484578768327048
649.56,473.91,390.02,660.73,565.49,978.82,9540.0,13258.53,22798.53,0.048991856563284156,0.035743781550443374,0.029416534110493393,0.04983433306708964,0.04265103295765066,0.07382568052416068
811.14,506.9,860.52,123.44,96.87,189.13,5606.0,8194.0,13800.0,0.09899194532584818,0.06186233829631437,0.10501830607761777,0.01506468147424945,0.011822064925555285,0.0230815230656578
858.89,724.24,890.81,472.84,74.94,662.99,9156.0,12840.71,21996.71,0.06688804591023394,0.05640186562892551,0.06937388976154746,0.03682350898042242,0.0058361258840048565,0.05163188016861996
642.89,203.27,769.51,475.05,732.54,150.62,5729.0,8702.880000000001,14431.880000000001,0.07387094846763369,0.023356635964186568,0.08842015516702516,0.054585378633280016,0.08417213612045667,0.01730691449267369
978.38,847.76,438.63,151.49,155.02,6.74,5735.0,8313.02,14048.02,0.11769248720681533,0.10197978592617364,0.052764218057938024,0.01822322092332269,0.018647856013819287,0.0008107763484269255
560.02,772.26,349.56,996.16,360.7,757.59,9901.0,13697.29,23598.29,0.04088545982453463,0.05638049570389471,0.025520376658448495,0.07272679486234138,0.026333676223544947,0.05530948092651904
237.2,299.47,798.66,268.19,100.13,828.94,6667.0,9199.59,15866.59,0.02578375775442166,0.03255253766743953,0.08681473848291064,0.029152386138947495,0.010884180708053293,0.09010618951496752
461.89,638.91,566.4,48.0,677.84,907.75,8248.0,11548.79,19796.79,0.03999466610787796,0.055322678826093465,0.049044098992188784,0.00415627957560922,0.05869359474022819,0.0786013080158181
928.46,525.72,584.62,709.57,351.45,392.49,8098.0,11590.310000000001,19688.31,0.08010657178280822,0.04535857971011992,0.05044041099849788,0.06122096820533704,0.03032274374024508,0.0338636326379536
529.95,191.3,89.94,28.84,507.41,256.91,3473.0,5077.35,8550.35,0.10437531389405891,0.037677134725792,0.017713964962037282,0.005680128413444021,0.0999359902311245,0.050599229913242144
723.93,437.97,54.43,877.91,454.95,791.16,8753.0,12093.35,20846.35,0.05986182488723141,0.03621577147771296,0.0045008206989791905,0.07259444240016207,0.03761984892523577,0.06542107852662826
502.27,606.1,113.8,589.36,359.02,878.2,8391.0,11439.75,19830.75,0.0439056797569877,0.05298192705260168,0.00994776983762757,0.051518608361196705,0.03138355296225879,0.07676741187525951
152.72,72.9,746.8,295.79,708.24,274.36,4333.0,6583.8099999999995,10916.81,0.023196295154325537,0.011072616008056127,0.11342976179446247,0.04492687364914845,0.10757297066592142,0.04167191945089546
920.76,365.45,142.95,416.52,875.27,365.21,6708.0,9794.16,16502.16,0.09401112499693695,0.03731305185947544,0.014595432380112228,0.04252738366536793,0.08936652045708872,0.037288547460935906
48.31,555.19,305.47,753.44,174.5,139.46,4878.0,6854.37,11732.369999999999,0.007048058391945577,0.08099796188417026,0.04456572960024043,0.10992111601795644,0.02545821133087359,0.020346144138702758
622.53,104.12,565.1,584.88,332.65,574.3,6561.0,9344.58,15905.58,0.06661936652048567,0.011142287828880486,0.06047355793411796,0.06259029298267017,0.03559817562694096,0.06145808586367712
781.27,786.72,132.53,557.25,486.25,619.96,8574.0,11937.98,20511.98,0.06544407010231212,0.06590059624827652,0.011101543142139625,0.046678751346542716,0.04073134650920843,0.051931733844419244
44.77,462.32,137.03,466.47,897.51,546.68,6110.0,8664.78,14774.78,0.005166894023852885,0.05335623062559003,0.01581459656217469,0.05383518104325788,0.10358139502676351,0.06309219622425496
777.1,202.09,699.92,244.74,471.08,920.77,8088.0,11403.7,19491.7,0.0681445495760148,0.017721441286599963,0.06137657076212106,0.021461455492515588,0.04130939958083779,0.0807430921543008
945.34,825.89,772.2,677.43,401.26,837.18,11062.0,15521.3,26583.3,0.060905980813462796,0.05321010482369389,0.04975098735286349,0.04364518435955751,0.02585221598706294,0.05393749234922333
993.92,283.52,528.13,578.7,529.23,80.86,6026.0,9020.36,15046.36,0.11018628968245169,0.031431118048503605,0.058548661029049834,0.06415486743322883,0.058670607381523576,0.00896416551002399
867.03,842.62,524.35,861.16,57.55,833.93,10585.0,14571.64,25156.64,0.05950119547285,0.05782602370083258,0.0359842817966955,0.05909835818068522,0.003949452498140223,0.05722965980493616
808.06,485.57,974.78,811.9,103.54,436.0,8429.0,12048.85,20477.85,0.06706532158670744,0.04030011162891064,0.08090232677807425,0.0673840242014798,0.008593351232690257,0.036186026052278844
838.61,472.36,451.52,852.62,34.9,664.99,8609.0,11924.0,20533.0,0.07032958738678297,0.03961422341496142,0.037866487755786646,0.07150452868165046,0.002926870177792687,0.05576903723582691
993.84,276.72,405.45,334.76,95.3,398.06,5970.0,8474.130000000001,14444.130000000001,0.11727929592772354,0.0326546795954275,0.04784561955032551,0.039503760268015706,0.011245992213949984,0.04697355362733401
178.84,213.36,752.21,42.51,156.04,419.79,4089.0,5851.75,9940.75,0.03056179775280899,0.03646088776861623,0.12854445251420515,0.00726449352757722,0.02666552740633144,0.07173751441876362
380.57,108.41,592.38,723.51,524.08,177.85,5132.0,7638.8,12770.8,0.049820652458501334,0.01419201968895638,0.07754882965910875,0.09471513850342986,0.06860763470702205,0.02328245274126826
858.69,922.49,694.91,121.48,368.16,788.05,9431.0,13184.779999999999,22615.78,0.0651273665544666,0.0699662793008302,0.052705467971403394,0.009213653925207703,0.0279231052774487,0.05976967382087529
696.38,590.16,651.28,202.29,51.87,956.28,8533.0,11681.26,20214.260000000002,0.05961514425669833,0.05052194711871835,0.05575425938640181,0.017317481162134905,0.004440445636857668,0.08186445640281956
408.35,581.63,205.67,712.51,102.98,534.6,6912.0,9457.74,16369.74,0.04317627678494017,0.061497778539059016,0.02174620998251168,0.07533617967928913,0.010888436349487298,0.056525131796814045
265.94,768.47,756.8,891.25,481.1,179.55,7495.0,10838.11,18333.11,0.024537488547357426,0.0709044289087304,0.06982767290606941,0.0822329723540359,0.04438965834448995,0.016566541583357245
480.67,135.75,82.66,217.72,217.9,15.41,2353.0,3503.11,5856.110000000001,0.13721236272911785,0.03875128100459306,0.023596175969352946,0.062150489136795585,0.06220187205083483,0.004398948363025997
746.29,925.8,988.98,229.34,282.95,449.15,8488.0,12110.51,20598.510000000002,0.06162333378197945,0.07644599608108989,0.08166295226212604,0.01893727018928187,0.023364003662934094,0.03708762058740713
640.69,966.63,624.12,948.97,480.16,651.31,10655.0,14966.88,25621.879999999997,0.04280718493099431,0.064584602802989,0.04170007376286842,0.06340466416514332,0.03208150262446148,0.043516751654319404
990.33,642.99,823.74,986.35,422.92,14.64,8169.0,12049.970000000001,20218.97,0.08218526685128676,0.05336029882232071,0.06836033616681203,0.08185497557255329,0.03509718281456302,0.0012149407840849396
384.82,879.57,735.47,872.34,371.94,41.79,7308.0,10593.93,17901.93,0.03632457454410214,0.08302584593252929,0.06942371716633959,0.08234337965231034,0.03510878399234278,0.00394471173587139
355.88,450.45,883.78,362.08,757.46,403.82,6828.0,10041.470000000001,16869.47,0.03544102606490882,0.04485896985202365,0.0880130100473337,0.03605846554339155,0.07543317860831132,0.040215227451757554
958.24,771.17,69.46,868.58,649.5,773.38,10387.0,14477.33,24864.33,0.06618900031981036,0.05326741878509366,0.00479784601166099,0.059995869404095924,0.04486324481102524,0.05342007124241832
40.81,863.64,580.23,852.48,548.47,725.71,9244.0,12855.34,22099.34,0.0031745562544436786,0.06718142032805044,0.04513532897612976,0.0663132985980923,0.042664760325281166,0.05645202693977756
225.69,971.12,357.07,932.19,165.56,307.4,7656.0,10615.029999999999,18271.03,0.02126136242667237,0.09148537498245414,0.03363815269481104,0.08781793362807266,0.015596752906020993,0.028958938410913584
138.83,389.62,804.53,587.2,436.57,95.75,5029.0,7481.5,12510.5,0.018556439216734614,0.05207779188665375,0.10753592194078727,0.0784869344382811,0.058353271402793554,0.012798235647931564
79.68,657.09,738.08,360.38,145.03,827.38,7617.0,10424.64,18041.64,0.007643429413389816,0.06303239248549591,0.07080148571077755,0.03457001872486724,0.013912231021886608,0.07936772876569359
594.84,79.44,172.14,622.86,795.0,909.79,7850.0,11024.07,18874.07,0.05395829308050475,0.0072060500341525405,0.01561492261932299,0.05650000408197699,0.07211492670129997,0.0825275964321707
947.72,653.82,879.45,979.08,304.11,92.45,8366.0,12222.63,20588.629999999997,0.07753814031840939,0.05349257892941209,0.07195259939963822,0.08010387289805877,0.024880897155522178,0.00756383855193195
708.03,846.72,425.3,555.71,208.48,144.39,6814.0,9702.630000000001,16516.63,0.07297299804279869,0.08726706058048178,0.043833476078135515,0.05727416174789722,0.02148695765993344,0.014881532120672433
770.05,501.36,694.6,172.26,572.26,410.56,6851.0,9972.09,16823.09,0.07722052247823676,0.050276321212504096,0.06965440544559867,0.01727421232660355,0.057386164785917494,0.04117090800423983
512.38,250.83,373.78,366.95,987.14,509.03,6477.0,9477.11,15954.11,0.054065005049007554,0.026466929264301036,0.03944029350719786,0.038719609670036535,0.10416044553666676,0.05371152176138084
998.1,858.75,781.06,60.61,174.63,213.53,6949.0,10035.68,16984.68,0.09945514404604372,0.08556968735551551,0.07782830859493327,0.006039451237982877,0.01740091354048754,0.021277083366548155
322.35,681.22,640.29,343.65,534.22,648.71,7737.0,10907.44,18644.440000000002,0.029553222387654666,0.062454618132210676,0.05870213358954988,0.03150601791071048,0.04897757860689585,0.05947408374467336
476.45,884.77,301.79,802.3,434.82,401.69,8187.0,11488.82,19675.82,0.04147075156543492,0.07701139020369367,0.026268145901841965,0.06983310731650422,0.03784722887119826,0.034963555874319555
